Imie,Nazwisko,Nr_telefonu,Nr_karty,Data_urodzenia
Elsey,Fairweather,8406485802,3530150981377142,2018-10-15
Olvan,Burrows,7713455137,5510656944555094,2018-09-03
Woodman,Perigoe,7205347860,6759186009870921,2019-06-05
Harriet,Leimster,9739731580,3562402046011872,2019-04-21
Doyle,Bodimeade,1651609499,3548392917819504,2018-12-11
Pepita,Casperri,9158861892,3535111176312653,2018-09-11
Constantine,Heiton,3688161328,377300914349096,2019-02-13
Blanca,Langrick,1389425048,3587072054571454,2018-10-21
Agnesse,Catt,3185060785,3588538804554999,2018-08-28
Emmaline,Royden,4545575789,4026438612510135,2018-11-22
Regina,Tollmache,7939243736,5602233217537222,2018-09-24
Rurik,Merton,3099408020,5602216992014509,2019-05-11
Tommy,Arends,8489685143,560223020058047764,2018-11-15
Carrissa,Moynihan,7032604925,4903441839892986331,2019-06-23
Sophie,Mc Grath,2336327216,3555694790414109,2018-08-24
Vince,Colaton,7521045169,5258871609474574,2018-12-15
Artur,Abdey,2352424583,4844792283599383,2019-06-23
Trish,Plett,3254061795,5279363477941749,2019-06-10
Torre,Gunthorp,3707702695,5108752058285772,2019-02-13
Elissa,Haxbie,2736248327,3588982140781520,2019-04-03
Samuele,Tithecote,4917664945,3549997243985677,2019-05-04
Hyacinthia,Reynold,8955746001,6331106167103930528,2019-01-03
Suzy,Bodker,2609957009,58934403098601771,2018-08-31
Christyna,Willoughby,2021147767,3567509542366280,2018-11-26
Hanan,Quantrell,5178341025,30257734012727,2018-08-22
Domeniga,Pash,6631511518,4017957182264,2018-07-30
Xylina,Andrewartha,9602345711,5100135033110158,2019-02-02
Dita,Demelt,8941876668,4936212706185891,2018-11-09
Jojo,Cahill,3357574958,3539262396321770,2019-01-08
Bernetta,Starte,8003018525,3589126853309561,2018-08-12
May,Lott,8754812660,4903419752640302,2018-11-28
Peter,Maton,6227868433,5602232169677887,2019-05-27
Twila,Mote,4249921826,201794538656161,2018-09-30
Carmon,Beynke,4129431570,3553297884671964,2019-06-22
Nert,Walkling,9576543173,374288245584635,2018-10-31
Maressa,McGeaney,5546910744,30150873555046,2019-06-03
Franz,Ciccone,5849958977,201573444745916,2019-05-19
Tyne,Lebreton,4714927312,3563826996230364,2018-09-16
Devy,Deville,8551926245,4041593448962,2018-07-06
Natividad,Beardsall,1218281775,3551286681401339,2018-11-21
Britney,Fieldsend,5963879747,201577698543992,2019-04-12
Chris,Gamett,5661093237,3541851191436803,2018-12-07
Lyell,Delacourt,5928886394,5602241345721246,2019-05-04
Angie,Meldon,6611949376,6767680250945549,2019-06-14
Ewan,Ludlem,2708288612,6709014427949807,2019-01-18
Kizzee,Ferrand,3138325806,3575857369334976,2019-02-04
Roanne,Orteaux,3595094180,3556787999041977,2019-03-06
Isidore,Basilotta,2308602433,4913711975786815,2018-09-01
Kirstin,Footer,4786613846,5641824560704776155,2019-02-12
Wernher,Mollitt,9516396267,5038148978515562614,2019-03-11
Rebekah,Hathorn,3195973095,3556642735633472,2018-10-22
Hansiain,Rupp,7663395937,30454178717560,2018-10-30
Milka,Bertot,2381197702,36861181493183,2018-12-29
Elladine,Blaza,4825663905,3580140651888345,2019-03-28
Desmund,Melmoth,1419464120,5048379829683136,2019-01-24
Livy,Troth,6843496511,3538347228292173,2019-04-07
Edy,Trevaskus,6392112472,201490874146335,2018-09-16
Chilton,Broomfield,7958320738,36457388801946,2019-04-04
Boy,Duffy,8494765359,3544107921906046,2019-04-16
Adda,McAuley,3248368452,4041377010231830,2018-08-21
Noak,Marielle,8883891167,4903312183350999,2018-07-04
Malchy,Lanktree,5238666066,6334118442937978179,2018-10-09
Carmine,Rootes,9858937561,3537354746923066,2019-05-12
Jefferson,Roony,1989404190,4175005877284794,2018-08-12
Nicky,Clamp,3264321688,5610174689386120,2019-03-18
Rachael,Sabie,8942864170,30371032192758,2019-05-05
Shea,Addinall,7984092307,30359502250370,2018-08-22
Allyson,Sego,9926667919,3541664337750908,2018-07-12
Dell,Tetley,4909127435,3535189650378184,2018-10-14
Lind,Himsworth,7131845266,6334471007494807,2018-10-09
Millie,Abramovici,7582462006,3543839849556104,2018-09-02
Ludvig,Bigham,5423152021,3555694008944343,2019-05-22
Sasha,Lambin,8471649007,3533060265782783,2019-02-25
Jed,Bramham,7065075897,3530055999312801,2018-08-23
Arlette,Saiz,2708012088,5493086891996300,2019-04-26
Ruby,Stanyforth,6381127134,3562908692908716,2018-09-29
Melonie,Domoni,5229143252,3564952625065390,2018-10-18
Padget,Scrowby,5037844346,3572891503738910,2019-03-06
Idelle,Karby,2036475450,5602232420767501,2018-08-25
Salvidor,Searchfield,2412563648,3577267853661462,2018-11-20
Nichols,Finn,5627666690,4508426994882526,2019-03-07
Morganne,Fairpo,6595851275,3573883562719153,2019-05-22
Tessa,Woolcocks,5501122746,5557126221458531,2018-12-29
Marchall,Trusler,3761122376,3580485091396007,2018-09-14
Steve,Barhims,3331857919,633393856341821260,2018-07-04
Florian,Tomblings,2204073025,3555996346873948,2018-09-01
Pablo,Gokes,1488467248,36049340778047,2018-07-19
See,Horrell,4723318491,3544064489600554,2018-12-13
Zarla,Paintain,2196775604,4175005468491428,2019-01-31
Tybi,Musico,9009777644,5048378097490901,2018-10-30
Cal,Bauchop,4847766647,676344429655755018,2018-12-18
Catherine,Galloway,7145741900,3587460249905184,2019-06-02
Paige,Bradnick,8984914457,3544869045561722,2018-08-21
Gabriela,Panner,9676567479,3569242676156792,2018-10-29
Wilburt,Rabjohn,4665107287,3568315030623185,2019-04-29
Benton,Thew,5415552022,3548770537857303,2019-04-22
Derward,Rewan,3398118295,3576332723399890,2019-03-26
Linn,Clinch,6204967991,633323736514552089,2018-06-29
Burgess,Wheelhouse,2972302688,3556997684098394,2019-03-28
Matilde,Fillery,8941670996,3574034445426546,2019-06-12
Ermina,Mattecot,2621857955,3584192877309834,2019-04-08
Richart,Bertwistle,2493036256,374622944866937,2019-03-12
Ali,Donson,1991163920,3547886136653322,2019-01-08
Blondie,Rackley,5879973584,3529596292614396,2018-06-29
Matteo,Marklew,4907426593,3531278917502944,2019-01-02
Nalani,Reoch,4977317183,3568880992855869,2019-06-28
Franklin,Harrap,2484586374,490597399667041378,2019-05-06
Walt,Vereker,6547560913,3538210614520278,2018-12-01
Pen,McIlwrick,3551535921,4957505466182,2019-03-06
Arney,Ballinghall,9766116827,201454083020475,2018-09-19
Aldric,Goadby,3359611360,6761412663537589762,2018-12-13
Lotta,Barrett,2986136773,3581907900963593,2018-09-07
Sayers,Trinder,7946440183,5286323307696229,2018-08-24
Kinna,Sebley,2886406972,3579161887142599,2018-07-01
Diann,Haymes,7735191539,3582533124037615,2018-12-20
Lotte,Bonallack,2759949858,30026828873132,2019-06-25
Calley,MacClenan,6857844278,3541656922505622,2019-06-10
Valle,Cluelow,5844586222,3537332013322147,2018-07-08
Robinson,Swadlinge,7213454407,3578109240912167,2018-12-19
Lucian,Jacquest,8571612364,3580672352578718,2018-07-20
Maxine,Kneaphsey,2855420658,3528498911246794,2019-04-16
Adiana,Boom,2612981699,6763137629902087054,2018-10-21
Teriann,Cloute,5605858747,3557286402005314,2019-01-05
Felisha,Marron,5735202203,3550333741460896,2018-10-18
Jilly,Paybody,4481954225,3541321498786342,2019-05-29
Nicolina,Schwandermann,3436978837,4405427567549843,2018-11-11
Felipe,Tripon,6287457158,3542618271561944,2018-12-14
Rudolf,Pfeffle,9571358427,4175001176261492,2019-05-06
Hamlen,Espine,4692479551,341935448809363,2018-08-10
Roma,Humes,5877875782,50204992322698645,2019-05-16
Sampson,Simond,1011602728,6767466881619681,2019-03-20
Gerhardine,OpCaherny,1308727758,3550222563095874,2018-12-28
Byrann,Nevinson,5979253261,372301962855617,2018-11-04
Falito,Leatherborrow,1311672597,5602245688459553,2018-09-11
Etta,Reavey,7267734896,3585407753631229,2018-12-22
Dolores,Counter,4923328091,3563736812381475,2019-06-14
Sheela,OpDowling,1578453813,5471090900025875,2018-11-01
Alanson,Croyden,2028999977,3572247386284771,2019-05-28
Sonja,Skully,3909081827,3536135952113695,2019-01-22
Stanfield,Ryle,5322276980,4917973746830340,2019-02-12
Gabrielle,Renshell,6427042394,3571219111194121,2018-11-28
Dyan,Persian,7554182763,3532164012730904,2018-11-13
Jenny,Ducarne,5374358169,6761092826618632457,2018-11-27
Wilmar,Prene,5022256831,4041373765527092,2018-09-20
Tommi,Creeboe,2984261383,5020763219285602799,2019-04-13
Kaela,Libbe,7419823610,5466788349757480,2019-02-13
Barron,Foltin,3871606210,3552592571663352,2018-08-17
Olvan,Wooddisse,5714127290,3559905371719807,2019-05-09
Hedda,Cuningham,1682348371,5100176750340255,2018-08-30
Ariadne,Stoffels,5314286879,3530926511159948,2019-04-28
Carmel,Crooke,2576920913,3539263802931293,2018-08-04
Mariel,Geary,2097128956,3544284866791046,2019-02-07
Frayda,Mattinson,8938430109,3572879415815207,2018-11-05
Adriena,Farquar,6491566038,3567726639518942,2019-03-31
Jareb,De Andisie,5205873430,30207161337055,2018-12-05
Minnnie,Bulpitt,6462163509,5018195807001257,2018-11-22
Bernadene,Borrett,9195303513,3568451817933909,2018-12-26
Zitella,Erbe,8158244571,3550880569199642,2018-10-30
Celestine,Le Breton,6242694560,3576701615784684,2019-03-31
Emera,Aimer,4485994911,3547218211395639,2019-02-26
Geoff,Rubinowitz,2874783813,5007669180825196,2019-04-12
Ade,De Caville,5061086479,5100172672352072,2019-04-11
Poppy,Satteford,2107351115,633110251401144120,2018-07-28
Barrett,Tytcomb,6797852700,30323607456498,2018-08-05
Theodosia,Volant,5188834423,4936317192258385867,2018-09-19
Lauritz,Ackland,8714467515,3557995768410500,2018-10-21
Leah,Doyley,9124268317,3574736893946284,2018-08-02
Audre,Durie,6468603471,3572367454846523,2019-01-02
Massimiliano,Dmtrovic,1678963227,5602246963734603492,2018-11-24
Mark,Marriott,4216519908,50206166402511493,2019-06-16
Kris,Bonehill,7773952492,5602254932509130,2019-05-27
Dell,Spurrior,3986143712,6761423997083613,2018-09-14
Rycca,Goodnow,6989757558,5641829469922143799,2019-01-02
Evy,Hinzer,3958033139,3535985110695293,2018-12-19
Hale,Arrigo,4146990290,337941798463641,2019-04-29
Kayley,Garforth,5122637018,67060194031190694,2018-07-24
Carolynn,Tattershall,6849989045,3552592285564268,2019-02-15
Karie,Pele,8512768167,3531043682629078,2018-08-24
Giovanna,Cathie,4311940042,3566426006793381,2018-10-09
Lionel,Barby,1064295232,6759453473574745507,2019-05-14
Kristan,Cussen,3157881304,344627479485570,2019-04-09
Cullie,Broader,7775683066,4026489773583494,2019-04-15
Carr,Norfolk,9822310200,560221157124497284,2018-07-30
Janaye,Holywell,4936390058,3529805170953234,2018-07-30
Drud,Monketon,6537329156,3558496183994920,2018-09-21
Emily,Swatman,8562846748,3536472181148790,2018-12-03
Janetta,Fenelow,5945665553,3537812426504894,2018-08-30
Ediva,Mitkov,8544771552,4844168009193704,2018-09-09
Scarface,Woolis,2442787556,4017959499799,2018-11-18
Nanni,Vaz,5733007591,337941543471675,2019-02-06
Vergil,Curnick,6646045755,5119818748288158,2018-07-31
Carlos,Rodson,3901282619,4911461688501433989,2018-11-21
Janeen,Danne,6794632092,6333577451201901,2018-09-02
Ransell,Harker,4698048362,3580672492242514,2019-01-01
Benito,Nind,3423836368,3574053228650619,2018-10-07
Wandis,Vinau,3385206230,372301570506305,2019-02-26
Clo,Blood,7318790522,630414714085615748,2018-10-05
Karel,Wanell,8249397580,3529146864893265,2019-06-25
Lanni,Giriardelli,5036189720,5002350581110034,2018-09-27
Amos,Ouver,3311633698,4017951835403665,2018-08-31
Tate,Arnke,4614382047,5602223743968784896,2019-01-22
Emlen,Jouhandeau,7984243053,3575922934799549,2019-02-09
Mariana,Tomisch,9189306745,5100149168068149,2019-02-14
Ilaire,Zecchii,2473031868,5108753643062312,2018-10-12
Rex,Gytesham,7091157837,3576712146956477,2019-06-17
Clair,Franies,2349230262,201873377343808,2018-07-01
Karil,Whyteman,5776956967,6304755767148470,2019-02-13
Monroe,Rambaut,8574844852,5602256007272619,2018-09-21
Tobe,Gulliman,5934466525,5893280381051463659,2019-01-04
Parrnell,Winspur,9533756314,3537018917047373,2019-04-10
Avigdor,Saker,5478893542,5602236700640734,2019-03-29
Germain,Storer,2772241328,3562865067351130,2019-04-14
Sandy,Carney,4791569715,3534618346573643,2019-05-25
Damian,Jarrelt,9429878754,5555245306101741,2018-07-27
Lesly,Dunton,6617573946,3532021067491693,2019-04-14
Gratiana,Mityushin,7727430905,201835347639656,2018-10-25
Cordelie,Gallego,7619006371,3570870816469399,2018-08-19
Lyell,Doonican,5041190005,3573545796619380,2019-05-31
Avis,Beidebeke,4993013665,3536866010905330,2018-07-25
Bale,Parfett,6211832024,56022592717229100,2019-03-24
Israel,Shepton,3541112485,3534191557063290,2018-10-24
Reid,Newborn,8814945724,56022180090132131,2018-10-30
Nalani,Tole,7509829424,4017952207723235,2019-03-17
Goraud,Galier,4336747005,3548505695971094,2018-10-31
Bell,Enticknap,1658130169,4913019326092457,2018-07-25
Val,Gathercole,5357624043,3573591805712717,2019-01-20
Dario,Minard,3402497596,490557601370310380,2018-10-16
Francisca,Devany,1684480243,3540599100324427,2019-01-07
Ralph,Guerin,4324629276,3574291618008655,2019-02-26
Karney,Cuttle,4924542886,5100179901445247,2018-08-25
Allard,Dee,5469180739,3569333302251956,2018-11-23
Concettina,Kerbey,8592995552,3575217093007945,2018-07-20
Caleb,Tale,8815447366,30285912435733,2019-04-21
Elga,Gutridge,9489995509,4936437308064937072,2018-12-07
Tessi,Twinberrow,7228090497,4175005442537346,2019-03-22
Lory,Reyson,2337830330,3581352980864579,2018-07-10
Ferdie,Calkin,1088944381,3563199591029866,2018-11-29
Leora,Griswaite,2578500640,5100143224166906,2019-01-06
Moise,Cox,9143558875,201499544155022,2018-07-07
Kira,Foker,8826927358,3577570126218477,2019-05-07
Kristian,Dunkerk,2919705901,30593634111379,2019-03-06
Rube,Sexty,7043169916,4508082418847007,2019-01-26
Rhodie,OpRiordan,9101724488,6759589139010466407,2019-03-13
Manuel,Conyard,4101254945,3570889457511418,2018-12-24
Jasun,Allot,8085054640,5602216326216077,2019-05-17
Germain,Holyland,7779995822,4175005273650101,2019-04-06
Reilly,Dawltrey,6608987201,5893579686836570,2019-05-12
Shane,Ramplee,4438462740,4405588798238959,2019-05-13
Heywood,Edwardson,3689428683,5100176996686875,2018-12-18
Cameron,Gounel,4796766943,630492431005714502,2018-12-12
Baxy,Snepp,1968345837,374283655233856,2018-09-23
Stacy,Atmore,8481839702,6333582491125606653,2018-10-04
Nelie,Sporgeon,6024199476,3580524069890284,2019-01-16
Elisha,Sclater,1902901400,3584406459987464,2019-04-16
Allyson,McNeice,4728233525,5048379005130076,2018-08-29
Beverly,McGuffog,2085999108,6706537642994037,2019-03-15
Gearalt,Wallach,4747314386,30546431372982,2018-07-31
Xymenes,Thoumasson,5179220777,5610481693311527,2018-10-26
Twyla,Glisane,3862021992,6374604892443569,2018-09-07
Rodina,Carthy,1389536462,201508957522054,2019-01-17
Barth,Woolfenden,8224923045,3536662700613619,2018-10-10
Quentin,OpGlessane,8517484471,3558358541059392,2019-01-28
Pierson,Franca,8685604111,56105521809634612,2019-06-16
Shaun,Tawn,8454439885,5602227802224856280,2018-10-30
Ag,Battson,9513533300,3582273173611172,2019-02-16
Odelle,Freke,7669169929,3539585054163864,2018-07-18
Padget,Lelievre,8682837725,5314972670282540,2019-03-30
Raymond,Meindl,8386519384,491197144507777274,2018-09-11
Allix,Akam,9127191026,5100148812292071,2019-01-31
Torr,Wickham,2089641756,3533828351039734,2018-08-24
Nannette,Nell,3283707021,30382370702736,2018-12-23
Felic,Buglar,7657385308,3536677745898611,2019-04-17
Felice,Adaway,7896948123,5108753045375544,2018-11-26
Philippa,Monkman,2039405140,4844117833548567,2018-09-29
Trevar,Knobell,5034979921,30015352336525,2018-07-09
Anthia,Dowdell,7784267399,5100176771220411,2019-05-15
Madeline,Babinski,6191090957,3532035985778148,2018-11-22
Tam,Northbridge,2781649280,201562621482443,2018-12-31
Rube,Leindecker,8467032601,5010124024331147,2019-03-21
Janela,Veryan,4914649908,30547467425330,2019-03-01
Laurel,Nott,1931322947,3568901921958804,2018-08-14
Lotty,Bewsey,6748512586,4913433307559287,2018-09-30
Ayn,Braley,1273996769,5401983974484124,2018-10-12
Dorisa,Moyse,3816170145,3571717883312425,2018-12-04
Gregor,Beatey,9621729255,3536029993912639,2019-05-11
Ephrayim,Cartmel,3878191244,348395192230717,2018-10-09
Julietta,Genner,9143688597,3541467549855626,2019-03-09
Missy,Woollin,1675570420,3556891554099360,2019-03-24
Luci,Brailey,2733976565,3537496881007567,2018-11-17
Raviv,Derobert,5157688594,6763326913111111,2019-06-25
Sophronia,Endley,6223548464,3531469173752139,2018-10-07
Clayson,Ren,7566095519,337941034976364,2019-04-17
Reiko,Cordingley,2678697766,5020469390841494,2018-10-01
Cleavland,Leale,8791099800,3547483019707241,2018-12-25
Brita,Borrie,8822225361,3550268349887423,2019-02-09
Rania,Shapera,8258039153,3547499132831791,2019-05-29
Niels,Basindale,7251090594,4508748633966315,2019-02-11
Carolin,Quadri,8426385750,375291888084805,2019-01-09
Gustavo,Scallon,7737721471,5610829494459293,2018-10-15
Pepi,McCallum,8245678641,5610242598952694,2019-02-11
Prisca,Sebborn,1232211354,375877728239359,2018-09-30
Benedetto,Stuttman,2537128236,3536521166653487,2019-02-02
Aloysius,Ascrofte,1794593961,4041593379208850,2018-07-11
Katy,Obert,7969741908,3580644224955382,2019-01-26
Rhodie,Sworne,8491591617,3576076500802036,2018-09-16
Alejandro,Gideon,8029409337,6763355433353567713,2018-12-12
Roslyn,Thouless,3396938336,372301433757715,2018-11-30
Mellisa,Jagielski,6803100193,3569253879928218,2018-08-01
Michal,Swale,2304004694,3579405128446966,2019-05-04
Verna,Willmott,7629822698,3581129470377134,2018-11-10
Nehemiah,Bastock,4491283354,3586425622993140,2018-12-31
Jorrie,Redihough,5524329479,5602238871167810,2019-05-19
Edouard,Coalbran,1342728888,6759142376305710,2018-10-15
Townie,Standbrooke,7494030438,3564127464771388,2018-09-10
Melly,Morgan,8094865457,201496567976219,2018-07-20
Basia,Melloi,7281262841,6304867063819561,2019-04-17
Giffy,Jeayes,2304234838,3553266710999667,2019-01-06
Avivah,Driver,9384987938,3548684716575331,2018-09-12
Berna,Bendig,9479962021,3535513753690783,2019-01-01
Crin,Leppo,5364419437,5100175391678164,2018-09-02
Raquela,Addess,2664629986,4017955622535688,2018-08-13
Micheline,Cardenosa,7553985045,5602234782847160,2019-03-01
Tomlin,Badrock,1257931384,3565579423842388,2018-12-19
Horst,Shyram,8461278634,5602235606059791797,2018-10-19
Correy,Tallon,8997443918,3565459850847517,2018-07-01
Sibeal,Clemmen,1677623774,3588388232284193,2019-01-31
Boote,Kelleher,6345282776,5100148654678387,2018-08-13
Rana,Quarrell,4225207010,3555752356591106,2019-05-16
Emili,Renfrew,3934166854,3536767974324908,2018-07-25
Chrisse,Nagle,1414202363,3547054922009460,2018-12-31
Patrice,Beningfield,9452183649,5038227103408581563,2018-08-23
Simmonds,Gaenor,5166289536,372301635321500,2018-11-06
Bernelle,Adamov,6489067266,3554167496053084,2019-02-14
Isacco,Braycotton,8938534912,3539347571204907,2018-12-21
Dewitt,Tomicki,3987961416,5610921166832996,2019-02-02
Cathrin,Flann,7147298970,3576713616456139,2018-08-22
Antone,Maleck,6699181585,374283443836119,2018-12-27
Reinhard,McCleary,4113694225,201528399123253,2019-01-16
Kalila,Swindlehurst,7004600750,201660033188085,2019-06-24
Kellyann,Binden,1133944488,3559814049552832,2019-06-15
Anitra,Ochterlony,6856294646,30156675911790,2019-01-28
Carlos,Gillooly,3964529811,6762053274323603,2019-06-08
Fenelia,Gaunson,5625852195,6761520481673035709,2019-02-22
Rupert,Charman,5029879239,5586863714125145,2019-03-23
Jacquelin,Mottini,5325965186,3557108426923936,2018-11-14
Catherina,Bonnette,3016746814,3556485220471010,2019-06-26
Oneida,McKay,3702633826,4026848441074147,2018-07-21
Margarete,Hunsworth,1173111351,3569828679894536,2019-02-02
Ilka,Claremont,1825801372,4911591760622943767,2019-03-07
Erl,Draysey,1034318666,4913808413037007,2018-11-04
Rosco,Gullyes,6145286963,3567585185420667,2018-07-05
Conney,Giovanardi,6009813483,3552149704069229,2019-01-07
Herminia,Blasiak,4874956615,3579303344841542,2018-09-09
Katrina,Autin,1516896372,3572787355057815,2019-05-17
Ferdinanda,Bottleson,5289233163,3549514363693807,2018-08-04
Lee,Choat,6397995186,3571379346260137,2019-03-11
Faith,Bonhan,7145272822,3528421403413029,2018-12-28
Calhoun,Press,2801393301,6386460772423916,2019-01-29
Anne-corinne,Vaux,4041432299,5602256154932908,2018-12-24
Hans,Konertz,1371476871,58936111744154172,2018-08-26
Ferrell,Cleeton,4793271958,6331101527420916,2018-07-04
Gayel,Blamphin,6594004568,3561581054324003,2019-03-24
Fletch,Caddan,7506684041,3569011438852661,2018-10-01
Alysa,Raitie,2442386438,3532316865263637,2019-06-22
Gaby,Hymas,7516363770,560221025852839185,2018-12-18
Burl,Formoy,7278256972,3547269070848804,2019-04-18
Eleonore,Cookney,2741966325,6377348939000233,2019-03-19
Bethany,Shepland,4771547449,3552199249637626,2019-04-27
Leeanne,Altree,3484137165,3569835179808510,2018-08-30
Valaree,Narducci,3208589859,3554628229212727,2019-03-19
Jeanna,Crosskill,9037134576,3529061369864408,2018-10-25
Fergus,Rodliff,3855491633,5602224032236033,2018-09-07
Lindsy,Arundale,7024351277,3533096864982077,2019-03-15
Randolf,Bonde,8523741663,5641825647298752335,2019-06-08
Mord,Anthiftle,1685579646,374283450432521,2018-12-03
Gwenora,Smedmoor,6964766865,630431965440041603,2018-12-24
Martynne,Ebbitt,6832205263,3581471753301088,2019-05-26
Jacintha,Dedham,2502525496,374288155193948,2019-01-06
Carce,Runchman,8662766147,6767089531198850352,2019-01-30
Jyoti,Lumsdall,4196514873,3553315198390665,2019-02-11
Aguste,Carluccio,6849083936,3555015173594434,2018-11-13
Wenonah,Albasiny,9051312235,5100179507196079,2018-12-25
Alford,Cawdell,8102933065,5007667250961032,2018-09-05
Inga,Hagwood,1911053015,5602218325727716,2019-01-10
Cam,Flowith,3585370305,3533668116262365,2019-02-28
Cris,Tattam,2407414216,3535383772205041,2018-11-08
Orv,Paulich,6273847808,3587453636928570,2019-02-16
Bengt,Masurel,1798154314,30477147449593,2019-04-04
Elia,Esmonde,3342077668,6767518309444831992,2018-10-07
Horton,Copson,4975287595,3558162484882863,2018-09-17
Willdon,Hartrick,7863009300,3533199105831473,2019-03-28
Zerk,Pargiter,4227822285,56022386628089459,2018-08-06
Frieda,Celier,6897187778,3550100741253948,2019-04-09
Ekaterina,Du Plantier,5282004901,5524823871043304,2019-06-04
Niven,Dawidowitz,1948901863,3555825532427955,2019-06-07
Birdie,OpSpillane,5061226053,30565378857938,2018-10-23
Dela,Scardafield,8721733307,6761374993823298,2018-12-09
Marcellina,Stockdale,6898974775,560223118503013678,2018-11-03
Queenie,Dugan,2569354908,3535439419636319,2018-09-01
Sib,Iacovino,8647682579,676132680516011944,2019-04-21
Chrissie,Manass,2137347166,30144951613330,2019-04-07
Cecelia,Gourley,1366370756,3538048199600432,2019-05-06
Cesare,Moncrieffe,2843176114,3570118157542402,2018-12-30
Addia,Hindmore,1687264318,3554650713835128,2018-08-07
Brina,Febry,4286971912,3535789666648403,2018-12-02
Dacey,McCartney,8708666087,3538072423264195,2019-06-24
Peyter,Harken,1934179039,5602226646675381,2018-09-15
Barri,Kops,7819726163,3541058557622360,2018-10-07
Zebulen,Brabender,2384329987,201798471687299,2019-05-30
Koenraad,Belderson,8329508919,4175000128439438,2018-12-01
Angelina,Greensall,4743645913,30021426618419,2018-08-05
Fancie,Larham,5673068365,5602225290797343,2019-01-04
Quintus,Fearnill,6607647263,6761172871957828,2019-04-17
Allys,Haxby,4825797248,5100140951833641,2018-12-09
Sophia,Dunbar,1151854597,3560249958219924,2019-05-31
Bernete,Dyet,8355797742,3568017467641231,2018-11-26
Jobina,Peat,9725751608,675907299148707756,2018-08-28
Correy,Hinsch,5673372194,3565841810040574,2018-11-04
Katalin,Plesing,8818119424,201492353649029,2018-11-08
Elke,Skatcher,2948958332,5496149623445959,2019-02-22
Steffi,Bouskill,8591459814,347601745982162,2019-03-18
Bernette,Titheridge,8651721165,5018453881730242031,2018-12-24
Teddy,Hamstead,2143318525,3539927504765080,2018-07-31
Gaye,Cannam,8259631597,5641827946953783,2019-06-09
Denyse,Feldmus,1805985584,6377557101405208,2018-09-11
Farah,Brokenbrow,5412939209,6767750641131404148,2019-05-28
Gail,Dukesbury,2504375891,676307015932307825,2018-07-29
Richmound,Sprague,2605813353,3572837227683825,2018-08-24
Den,Scripps,2554920049,3587462646429321,2019-04-10
Zelma,Scrivenor,7883876975,3573697713736746,2019-04-21
Leland,Dufaur,4942933483,201536884098989,2018-06-29
Cloe,Spensly,4506282255,374622004227392,2018-11-12
Shandeigh,Pepin,2957298957,4026561877950165,2019-04-29
Charil,Syde,6395462089,676702497349652319,2019-05-16
Nester,Dries,1236307374,3582381188719649,2018-09-11
Gasper,Pagden,4988651899,3543435989368523,2019-05-26
Lida,Titherington,1642428934,3555039429278865,2019-01-13
Janot,Kinvig,2877904089,3582888212937013,2018-10-16
Dalton,Coytes,6725713469,5602238382814736,2019-03-28
Lena,Applebee,4996945725,3579294631207028,2018-08-29
Ruttger,Leeburn,6578345588,201975256803800,2019-06-08
Isa,Lampen,2708599352,5048371083596625,2019-02-07
Kit,Lukacs,5826502861,3529384368572743,2018-12-15
Jennilee,Georgeot,4892050970,5116603700344451,2019-03-26
Adelaida,Simenet,8318185121,5010120751555981,2018-09-26
Marlo,Ronayne,9122456690,3580317771166899,2019-03-09
Carmelia,Dunsmore,3831116948,6767186399770604627,2018-08-10
Francine,Crumb,7438431713,3532269414521031,2019-03-05
Rip,Lockney,5736916473,5108758191688665,2019-05-06
Meredith,Shapera,8342652104,3561228136843796,2018-09-20
Jennilee,Kyngdon,1896785296,633110946074408294,2019-03-27
Sherrie,MacHoste,9473260759,675958067543507321,2018-12-12
Cele,Calliss,1976393249,3529954210257949,2019-05-27
Marice,Makey,9521333993,3534046600516688,2019-05-24
Orville,Rontree,8965877096,5108752329117143,2019-03-28
Allis,Gaze,8866757742,372301109558983,2018-08-13
Moyra,Ecles,3497772812,3582391570642424,2018-10-31
Georgeanne,Billiard,1938468946,3535365322178570,2018-12-24
Roldan,Foard,6651855260,30481226048359,2019-04-25
Marven,Bartley,2491782226,3535695353809390,2018-12-05
Malia,Theuss,3399690996,3536055193098671,2019-05-27
Rickey,Dansie,2321273006,5573272106628846,2018-11-18
Betteann,Jeppensen,5998735226,4041376818449,2019-05-20
Kassandra,Nasey,8381496435,3584480062399623,2018-12-08
Christophe,Powley,3538016350,4389235184601792,2019-03-21
Clarey,Gibbe,4444968225,3584914636922627,2018-07-01
Flossie,Largan,5713554132,3554315909648889,2019-03-07
Florri,Crock,6449282352,493663953479523586,2018-06-29
Franni,Pentony,4896697647,501879962437498328,2019-03-11
Zaneta,Babb,8584947767,3559725413725020,2019-06-14
Alexis,Jaskowicz,1746057615,3573976221072863,2019-03-10
Graeme,Milborn,9081708627,5610550666373951,2019-05-16
Cathleen,Hullah,6294328975,374283286853155,2019-03-28
Eilis,Hoolaghan,3368467085,3559087090801131,2018-08-25
Padget,Hackworth,4402185218,3549439371136732,2019-06-23
Kelsy,Claasen,8478421003,5554231143543148,2019-01-31
Doloritas,Parmley,7959926684,4844569982160513,2019-05-21
Susi,Claus,7875526022,560225489667886003,2018-12-07
Aura,Jaye,1301692770,5400321248862430,2019-06-18
Nara,Letessier,7918788158,3568446246047701,2019-04-16
Allan,Deas,9623216137,4913351567621383,2018-09-23
Darren,Dorton,9708841894,3566612562832818,2018-09-26
Nilson,Mayall,3247712786,3554465882693749,2019-06-20
Goddard,Cheales,5278545888,3582190012670625,2019-02-03
Tiphany,Honnan,7587260480,3556109392518420,2018-07-11
Trista,Stanes,4108967766,201433814051546,2019-01-11
Kayley,McIntosh,7544963568,30058401973492,2018-08-15
Marni,Stonner,9339920485,3557865555739561,2018-08-12
Aurie,Macartney,9091764691,5020989824084718,2018-07-07
Eba,Pashe,9499480558,3551323919437064,2019-04-21
Zabrina,McCrorie,6041607100,5289479527271131,2018-11-09
Clementina,Poller,4693117708,5007667375757026,2019-04-26
Warde,Fratson,5217942525,3572763504829495,2018-12-27
Emanuel,OpCarrol,5933777106,3569609250769226,2018-08-09
Feodora,Seamer,3273315246,5262468319454436,2018-09-20
Gabriela,Baynom,9002148722,5108757647238760,2019-01-06
Laurie,Durden,4214576612,5610029739567501,2019-02-19
Lanita,Hupka,7389992835,5602225197472773549,2019-02-21
Keir,Orrah,4528154510,3539492091133333,2018-12-10
Amos,Chazotte,8045015253,5610448021138369,2018-10-22
Homerus,Glazyer,8165199031,3564787952135055,2019-02-21
Alec,Saunt,7937350967,3550250754069382,2019-03-27
Ossie,Meneyer,7324613958,30167198418460,2018-12-22
Baudoin,Markl,4173903763,50204180740817134,2018-12-17
Angelico,Iddens,9923554812,3589753415568283,2019-05-09
Kerk,Ferryn,9547021946,3532618094277480,2019-05-01
Lila,Strelitzki,4801103232,5177476078815220,2019-01-03
Tim,Neligan,7148097006,5314873057141293,2018-10-13
Derrik,Westcar,4719981532,201609350544602,2019-05-27
Farrell,Coghill,4841262260,5610752191528493,2019-03-13
Kerr,Laurentin,8786356862,5038714757653333,2019-01-23
Travus,Tubble,4727042599,63042774863397376,2019-01-04
Cosetta,Fern,4008410930,5602230994073835,2019-04-30
Brigg,Van Arsdall,6037680860,201529356021548,2019-01-09
Karyn,Seymour,1583753724,201445495213500,2018-10-22
Holt,Oldacres,2941490325,5100141684495161,2019-01-11
Ferguson,Gerber,7973923415,5314399676405828,2018-09-24
Annabel,Binns,7212165946,201850374619067,2018-09-24
Nichole,Slate,4437510892,63047998828102044,2018-11-18
Ema,Dyzart,9952504961,5560143553489773,2019-06-10
Alvis,Martindale,8753191157,6771043892431044220,2018-09-18
Star,McClounan,7256996754,201430016488740,2019-06-28
Bern,Skirling,8231192306,3530666116966202,2019-04-19
Flossie,Dunkerton,5431418461,30224645945056,2019-02-13
Willow,Schops,9745266592,201992550032085,2018-11-02
Johnny,Cleyne,2427344680,3565868788994714,2019-05-29
Neil,Persse,4942719221,67597642037807036,2019-05-22
Sunny,Denyakin,7305278415,5602229454977063,2018-11-15
Lissie,Sinott,5906219647,3565378939703485,2019-02-17
Thaine,Madgin,2934754975,56022150741231392,2019-03-08
Waneta,Langcastle,4051079913,3562273312334110,2018-07-05
Vick,Armitage,6123364898,4026461279293936,2019-06-07
Kettie,Hickinbottom,1349891641,3529024686882073,2018-11-05
Krystle,Jamot,3873265326,676109407273915888,2018-11-26
Nevsa,Jaray,7314612649,4041594423451,2019-03-23
Keefer,Scarisbrick,5299166222,5602219124999555,2018-09-26
Serene,Degoix,3206538324,560224913695953809,2019-02-20
Martie,Albert,8419521225,3542616758169587,2018-11-30
Cosmo,Jarry,2237838285,5340609682828138,2019-04-24
Godfree,Drinkeld,1968611323,3539400368436578,2019-05-08
Dulcine,OpHartnedy,5149311420,6709546894554696648,2019-01-23
Vyky,Godley,7816419977,493642193109422026,2018-10-24
Melany,Creegan,8635377976,3570028352813567,2019-01-23
Jeno,Chaperling,1878810541,30066441040198,2019-06-18
Iggie,Peart,9166518885,490384628691148206,2019-05-11
Natividad,Sertin,5159003417,3557021591372641,2019-06-06
Amity,Lidstone,4373050698,3553864540791559,2018-11-17
Channa,Selvester,5554538400,3559373980432249,2019-04-01
Crosby,Shervil,7985127762,376038042133906,2019-06-05
Dulciana,Fishley,8991476099,3564085344578516,2018-08-26
Amalea,Fearne,3616312812,6333761804765990,2019-04-08
Bathsheba,Stammler,1142265837,3533081606833564,2019-03-13
Rosalyn,Pietrusiak,9567200683,3577989387882732,2019-05-18
Artemas,Mersey,5822870437,5561913547765937,2019-01-12
Mark,Elderkin,1209740039,201443422205590,2018-07-11
Bartram,Searby,3736624830,3529551588871382,2019-04-21
Rhys,Iorizzi,1171883350,3528957336267388,2018-11-22
Hanna,Chasteau,3721052298,201829506682219,2018-07-29
Meggy,Farloe,8877703748,5893707438273988601,2019-05-16
Raffaello,Norquay,3347813382,50185384896842234,2019-03-24
Munroe,McCoughan,1595736971,3534545009801310,2019-02-01
Mattie,Filipychev,5752341446,3535332491283136,2018-12-24
Gilli,Mattersey,7991004631,3562654346780313,2018-10-29
Robin,Boughtflower,3102120742,50206969115039532,2018-10-21
Jessalin,Poxon,4282333759,3552816455519442,2019-01-04
Maddi,Matsell,4806631564,3584127636857301,2018-08-01
Miranda,Bestwall,5191713640,3544080082061903,2019-06-26
Orv,Barrack,8752597373,5893217630824075978,2019-03-22
Jessee,Gatley,1421465606,5602239012836081,2018-07-30
Rosetta,Barehead,5457575661,3579381998711997,2018-10-30
Olympie,Woosnam,2391240916,30375529156408,2019-05-23
Fletch,Pynn,2272567860,3589960173490267,2019-05-05
Johannes,Gilstoun,7609831636,6334167612781097,2018-09-02
Vern,Smiley,2522917934,5273842344215326,2018-08-07
Horace,Byass,7319265594,3545070449022812,2018-07-13
Philippa,Blackburne,3402786408,3557717802369223,2018-10-31
Dewey,Dot,2935775557,630445392195014160,2018-07-09
Bambi,Perham,1966285817,3560669944147147,2019-01-26
Perkin,Hopfner,3502545152,3568591649284409,2019-04-26
Eldin,Angel,7253265183,346898802011494,2018-11-17
Laird,Pretor,7365554862,4017951895794177,2019-01-12
Kennie,Riggert,7557883131,3551436235970301,2019-06-02
Owen,Poskitt,6668354630,3539447373194320,2018-10-21
Lauralee,Nappin,6456836920,4883932552958,2018-11-26
Abagael,Stranio,1769013361,5602245216014490,2018-10-25
Aldwin,Stephens,4159401012,3589274461307708,2018-10-16
Ruggiero,Knellen,2884600259,36224702225271,2018-07-30
Taite,Copello,7552612373,3545896297687342,2018-09-10
Reg,Kinningley,1985105862,5108757537953536,2018-06-30
Bern,Mead,8817782862,4017956445556760,2019-01-30
Fionnula,Bankhurst,5617856523,5048376316867099,2019-05-20
Lynda,Pratt,2065008990,3563054466793171,2019-05-29
Hadlee,Antoniutti,5316917960,30066224906870,2018-07-12
Domeniga,Pollack,5167663982,3586135819513755,2018-08-20
Ricki,Imesson,3103126264,201940724521525,2018-07-08
Tulley,Jozsef,9182748054,5010128099693810,2019-04-25
Jany,Stamps,6373179575,490572065524224171,2019-02-24
Vanya,Obee,3247851700,5602246750319238,2019-05-11
Briant,Breedy,9219283411,3542243152692518,2018-09-25
Delilah,Ommanney,1648144908,5340254273913088,2019-05-10
Carmencita,Quinton,5783754256,3586240746640448,2018-08-09
Cody,Scrogges,5088610634,3583890988690122,2019-04-23
Aurelie,Fenelon,8337338899,3549859341466499,2018-12-07
Irv,Fitzsimon,5825679529,3551895760816959,2019-02-11
Adriana,Knutsen,5819931604,30526072949348,2018-09-14
Garnette,Alan,6257221371,374622434158878,2019-05-25
Cobby,Casine,8305295329,374622346797243,2019-04-21
Boycie,McGarrahan,2444213737,374283050091099,2018-12-17
Dalenna,Pettiford,7327117281,374288056902355,2019-04-30
Gaylene,Trimme,4882997210,3565416610752478,2018-08-16
Bobbi,Girard,9743191926,5007667668626839,2018-11-25
Griselda,Levis,6419851591,3537534998513083,2018-07-13
Henrietta,Petrasek,7241163231,30390574644356,2018-09-15
Dorris,Wyld,5939940879,3588758511424183,2018-12-20
Sean,Litherborough,1716751011,5365582923016344,2018-09-11
Ailene,Eich,8851180813,3539569704403425,2019-05-01
Virgil,Troop,9607433089,3566697693350244,2018-08-14
Gun,Winpenny,4995437982,3532228086546189,2019-06-18
Antony,Jakubowsky,4014538925,30037549229090,2019-06-04
Brady,Imison,1931352889,36513935107102,2018-11-08
Florance,Bretherick,5302317063,6392918934899663,2018-08-19
Aldin,Al Hirsi,9651610774,3556040713337341,2018-11-28
Hobard,Dryburgh,4604088402,4911439255461386,2019-06-23
Valery,Gethouse,7295992547,4911392072268700,2019-02-03
Chadwick,Smissen,1841023476,5253823143527982,2018-08-22
Nanette,Pottage,6331679037,6759366619630358059,2018-08-02
Win,Simic,3278607902,3540750699206943,2018-11-01
Robinett,Falco,6224652434,4041370666952445,2018-11-26
Leicester,Rawlins,2938522442,5480850528151901,2019-04-28
Blair,Dewhirst,3197071305,6334148892230161,2018-10-06
Olimpia,Hartill,4123185227,4917619119354752,2018-12-27
Gail,Melton,3567679539,5641823905993167,2018-10-06
Allard,Dunlap,8901229382,4913310319093960,2019-01-15
Janaye,Falla,4096275159,5602243379053439,2019-06-06
Miriam,Presnell,3222312105,3538097916304539,2018-12-01
Heather,Echelle,5886735056,3565630385192260,2019-02-25
Clayborne,Bidewell,8312498218,5002356756619790,2019-01-26
Casar,Orbine,7657914107,30200308706761,2018-12-10
Hodge,Taudevin,9897545223,5422742446441111,2018-11-05
Lyssa,Jarrelt,1679997208,5893522867029359,2019-05-03
Freddy,Dowbakin,9597302359,3586011460640918,2018-11-30
Doralynn,Pering,8225818445,3573379370579285,2018-09-26
Cleve,Vinall,3945385053,0604461968451819,2019-04-03
Terrie,Maddrell,5691678409,5602215860464630,2019-02-15
Marthena,Simchenko,5808233151,3538083770314616,2018-10-21
Hedda,Hennemann,4876620002,3584312615585731,2018-10-18
Sindee,Burr,9788522693,3561549782801212,2019-01-02
Yovonnda,Preskett,5457155808,56102833173693162,2019-04-01
Katalin,Sperling,9487848971,30042174535498,2019-01-15
Bourke,Beechcraft,8573004629,3554359676450020,2019-03-18
Vergil,Guidi,6114948284,5108755659067093,2018-10-06
Gare,Garrood,1577846221,3588609733334793,2019-01-29
Dory,Maffey,2146466494,6762665796499932505,2019-02-07
Marc,Lister,3089100723,5893936241995954,2018-10-20
Tyrone,Blackden,4982413821,3540928785202048,2018-08-12
Taylor,Cuckoo,4161830054,3535568900380878,2019-06-17
Lisetta,Gorgen,3977541235,060460854694260180,2019-01-26
Meredeth,Lepope,4044723963,3585924473442539,2019-06-03
Kandace,Daltrey,1177383603,30343899427593,2018-12-09
Ursula,Aggas,8225699944,201718723982090,2019-06-26
Frances,Jamrowicz,4833641963,3564354974889308,2018-07-03
Evita,Ghilks,6908356327,6759442184080558,2018-06-30
Lea,Boncore,6066295930,342402888657876,2019-01-20
Gerry,Vala,4232865056,3560532419757354,2019-02-03
Worthington,Ballinghall,5075014840,56022373811408266,2019-02-20
Arnoldo,Canny,3826310711,5893468575800626,2019-02-21
Kai,Bartolommeo,8414554024,3579113705350763,2019-04-14
Reynard,Bedinham,4435292216,3588959580962992,2019-01-01
Stanwood,Cumber,2498971411,3543438116438235,2018-07-04
Hinda,Greenland,7265456415,5602224036643507,2018-07-15
Abie,Cancellario,5336124586,3565169960806663,2019-02-21
Keen,Bengtsen,7705038047,3588698800105608,2018-08-10
Correna,Cosley,8521115751,50208217250370280,2019-02-04
Zilvia,Krink,3167491225,3561835403171022,2019-06-05
Eadie,Proudlock,2174912385,06042424360855067,2018-08-04
Darcie,Gettings,7069975960,5592683692356377,2018-12-17
Pennie,Mumberson,3829138461,201425404567824,2019-02-25
Vanni,Brunelleschi,5934302936,4041379082750218,2019-05-22
Sheelah,Petrovsky,8308675363,3562954089589859,2019-05-03
Jerome,Meron,2812892118,676164171913314751,2019-05-28
Elisabetta,Bootland,8553082710,3563454585896451,2018-10-17
Hazel,Jacketts,5358572094,201985245649974,2019-01-24
Louisette,Hallwood,6501089177,201491169496302,2018-07-13
Lydie,Vannoni,7303583223,3568494838791518,2018-11-14
Beitris,Hartmann,6186646713,58931628560494981,2018-10-08
Malena,Icom,7735855170,3579479045143907,2018-10-27
Boris,Slane,4007493858,3529675682906081,2019-02-21
Ruthe,Isgate,7748218370,3574548991983972,2018-12-08
Arther,Dickerson,3398163915,5238967538551485,2018-12-10
Ab,Reade,2422868622,30336344771649,2019-04-29
Minnnie,Kittiman,8981209646,63041526778345416,2019-01-21
Lewes,Rubenovic,6595555082,5602222191252270,2019-02-22
Nat,Conkling,7684316852,3572520833555922,2018-10-21
Misti,Bilverstone,2282635020,5108754380214264,2019-04-25
Gardener,Giottini,5505083185,201923022405518,2019-01-04
Ailene,Jaquest,7056342644,3568040410535292,2018-07-27
Zulema,Escudier,4101965438,4175007251930414,2019-05-30
Murvyn,Thomazet,9789596125,3577290869373070,2018-09-03
Hakim,Hevey,4554636810,3574381342986837,2018-07-26
Annmarie,de Savery,8259546314,3547165759828572,2019-01-24
Nev,McSaul,8187698856,3567687037728501,2018-09-05
Sallie,Sherborne,6755005567,3571754047595546,2018-11-02
Tuckie,Gullivan,3014262088,5002354921003693,2018-07-22
Cort,Kauffman,4055648972,58936448875614487,2019-01-31
Kelvin,Prin,6196930373,3540026667058289,2018-08-03
Derek,Elcox,2427726106,6706300467295919,2018-11-09
Corabelle,Kynett,9384608787,3529443311078784,2018-08-15
Pippa,Girsch,4451509335,5018204294234742,2018-11-01
Sheeree,Sanson,3996660441,3553426324488800,2019-01-25
Romola,Blasiak,5899897815,4017951030493,2018-11-01
Eugine,Delatour,7723692250,3549446690250748,2019-01-06
Rhiamon,Iacabucci,7208177660,3569022370977416,2019-04-10
Doroteya,Jirus,7976823710,5602254997862006739,2019-02-04
Chico,Presho,6977778538,4917798178868462,2019-03-17
Adaline,Spellward,2906419342,5100179373831049,2018-12-08
Alf,Kaiser,1892332375,3540639191415153,2018-10-25
Miguel,McAuslan,4128238844,3569735689203774,2019-02-27
Corie,Parbrook,1481171408,3568010168165790,2018-07-28
Ramon,Alennikov,9129109861,060482563685799627,2019-05-06
Kassia,Pruckner,1037672943,5893166846538666,2019-02-22
Nichole,Weetch,5664456444,3544819017893801,2018-10-26
Vito,Graveney,4535866429,3566876151235705,2019-05-22
Sophia,Berkley,6227606911,3531542532852541,2019-03-23
Fifi,Vink,2042459108,374622540621603,2018-09-25
Kippie,McAndie,6598891285,5602221521477128,2019-01-13
Julianne,Stringfellow,9931094923,3580344842678587,2019-04-13
Blake,Pavkovic,4024492370,6333789703969907257,2018-07-08
Sallyanne,Backshill,2274865587,67614675184719983,2018-08-01
Suzette,Luetkemeyers,8303189083,3556743854681324,2018-07-28
Catlee,Nisius,3214016410,4041595129776,2018-11-10
Andeee,Garlett,5045700277,5521462819823379,2018-11-25
Courtnay,Pettiford,6607073569,3568495939955928,2019-05-12
Clemmie,Craker,7645229005,5610313979602222,2019-05-28
Jules,Arkcoll,6004637468,6377269995103267,2019-01-09
Erica,Breckwell,1375193865,6763235030740196721,2018-07-26
Karina,MacCosto,8994558423,3542051811641499,2019-05-08
Lucius,Mc Comb,9893765480,3532982092821149,2019-05-30
Evelin,Creegan,1611585548,5602228136063847,2019-02-02
Adriane,Trevethan,3304792452,3538256165885123,2019-01-14
Norman,Guillotin,3133841130,3568844808489354,2018-07-31
Rosalyn,Acome,3968863100,3554922120502025,2019-03-22
Chelsea,Hellyar,9532377631,3585203736672707,2019-04-04
Chevalier,Tembridge,6927005632,4844181685318768,2018-10-28
Vaughn,Jansson,4952845044,5893210816280972,2018-12-25
Sandro,Huban,9072997508,589378122306293471,2018-10-23
Wren,Moorhouse,4182711736,5427525719569170,2019-03-31
Raphael,Fantin,1791381098,5602247790539884,2019-06-07
Albertine,Messham,4259587782,3581233647193992,2019-02-27
Cayla,Penritt,3499963633,3581959898320088,2019-03-08
Nollie,Greensall,4175167177,3549311962725290,2018-07-23
Kati,Paulsen,5707454636,3536052470846724,2019-02-04
Brandtr,Blundan,8956285603,4017957913676,2018-09-15
Cherice,Blewitt,1084585457,5100170780380050,2018-07-12
Ingelbert,Streets,2632171654,5561099585594387,2019-05-13
Cecil,Agneau,1829002428,5610657808975815,2019-04-21
Lukas,Bootyman,5497732478,3545073409715128,2019-03-09
Bette-ann,Manchester,1728046603,5602243819463493187,2018-11-29
Hester,Hurdle,5225697961,3576802423082277,2019-02-09
Pooh,Aldersea,5095100128,3573642070431887,2018-11-17
Erhard,Danick,4247177474,3549882594878384,2019-03-02
Mollie,Spruce,6716418451,3535480084091034,2018-09-27
Mort,Grayston,7629641828,3536264006348899,2019-05-18
Margeaux,Barthelme,5963254891,201716222390898,2018-09-30
Austina,McGarvey,2421161650,5103592930860193,2019-03-23
Pamelina,Drabble,8676221764,374283585095771,2019-03-25
Pepito,Franceschi,1461087961,3584108270201311,2019-04-29
Elie,Emmet,5673639216,5602231442869838360,2019-03-27
Ryan,Schoenleiter,9883873995,201856922099520,2018-08-05
Gabe,St Ange,5939794856,561024080100706238,2018-07-02
Teddi,Gowenlock,1376960136,4876663642733,2019-04-15
Rainer,Heinig,9812354398,3582983085645411,2018-12-05
Alana,Roddell,2934890683,6391781231748087,2018-08-08
Lory,Wadforth,7341407126,374283379238090,2019-05-23
Kimbell,Gertray,3738116812,5132378811091560,2018-08-22
Ninnetta,Hallums,3556082719,5182465485261246,2018-07-09
Carilyn,Banthorpe,6018501559,3586200618654109,2019-04-02
Shelagh,Pfertner,9962051765,5100149050670010,2019-02-12
Mona,Eric,8652410788,3553333488910092,2018-10-28
Jaimie,Girtin,1512343598,3579468484702497,2019-05-09
Nil,Caldaro,6886938613,337941306177600,2018-08-04
Emmerich,Escolme,7278099258,3561591839950212,2018-12-01
Nora,Spittall,5921751785,3547583401934509,2019-01-31
Alyse,Hedley,9343800045,5108759301845807,2018-09-18
Alejandro,Lipscombe,3868334181,5602215966475803,2018-09-26
Manuel,Trainer,8965682621,5048378695820277,2019-05-15
Ruthi,Marcome,5718646494,4396540448700046,2018-07-31
Normand,Donett,2622612594,3541906119504825,2019-04-21
Laurie,Edmundson,6645500046,201989003931871,2018-12-24
Dara,Marcussen,6859102839,4041374867950,2018-07-12
Louisa,Duguid,1229758595,501863841471682328,2019-01-08
Caty,Camerati,3465500323,3569226583344633,2019-02-16
Teresita,Taylot,1671704174,564182094524426994,2018-08-24
Codi,Jaspar,8104899632,3528091523623706,2018-07-11
Minor,Franzolini,9988052984,3536893065951126,2019-04-07
Roch,Feltham,1212240470,4017955388541,2019-03-27
Arlene,Yallop,8101181894,374288453817016,2018-10-14
Delia,Andrioletti,4673428290,3582838602659669,2018-07-11
Fabe,Cow,3363760709,676371513605445717,2018-11-03
Hy,Franciotti,1601488305,3545353229880280,2019-01-29
Orin,Racine,7202544264,5108755382412277,2019-01-05
Kerry,Burkhill,1414470545,56022182593411111,2018-07-31
Thadeus,Chatan,7218396023,5314085400697505,2018-07-20
Bartlett,Truse,6101883199,630462035737656588,2018-09-09
Margaux,Cookson,2684782729,3577017685600232,2019-04-17
Brianne,Fardon,6965621765,3572082903694933,2018-08-05
Marijn,Severn,3861071422,3575589079312469,2018-08-03
Warner,Winship,2124625339,3576995164566910,2018-10-26
Saleem,Kopisch,8754803976,4405103682188409,2018-12-24
Weston,Delacour,8914528789,3551568343270370,2019-06-15
Zorana,Gricewood,6248259250,560222286071721880,2018-09-20
Bertrand,Winder,5197562549,3546261115150883,2018-11-02
Alfreda,Bartoleyn,4599880054,201585590658834,2018-12-13
Giana,McCullagh,2293331109,6333286792441495,2018-09-08
Jayme,Mervyn,8674295129,3569820851609741,2018-11-10
Kippie,Byers,1655159453,5018673083253922552,2018-08-09
Meaghan,Obert,5424227243,3549679096834547,2019-05-10
Arlan,Lothlorien,9729534892,3586945064604293,2018-10-21
Mignon,Beams,8223484729,6761950198449631,2018-09-24
Eustace,De Marchi,4638584356,5641824293159858,2018-09-17
Merrick,Joslow,6776625508,3577362595574709,2019-06-12
Mike,McTeague,8192645393,5602256518646040147,2019-04-13
Prue,Blythe,4546584421,3562109371001291,2019-05-25
Junie,Vick,9899571274,3556454855366002,2018-09-09
Shanan,Moreby,5014042490,30183879060315,2019-06-01
Mable,Brittan,6055218527,5602258244323486,2019-06-06
Teresita,Meni,6486197758,3545042730261607,2018-10-07
Anissa,Lambrecht,3608084239,201476407681211,2018-08-14
Horatio,Seamon,7128212751,3534878078345194,2019-04-12
Ally,Standfield,7611549253,5893928379900716,2018-10-17
Else,Manders,5051130950,5588206831832334,2018-09-15
Merrie,Hoodless,8682262929,3571980584359570,2018-12-18
Vally,Nance,9767911169,4017952733931609,2019-01-08
Kittie,Mateu,2808390461,3576357572972869,2019-06-15
Chilton,Menere,4609477245,3574201581132887,2019-03-24
Pietra,Lant,6577791842,3550932725285920,2019-05-27
Stesha,Purton,3524772259,6706490181227911386,2018-08-03
Broderic,Stelfax,4107240184,5602241310006052,2018-07-17
Rudolfo,Timeby,2067836153,3545412995637561,2018-07-04
Clarabelle,Lidster,2737191471,3545873468661919,2018-07-08
Tracie,Goneau,1664564415,3530772089040247,2019-04-24
Cymbre,Woolhouse,6912853596,6333540442487160707,2019-01-28
Launce,Tenniswood,8738250873,201593416997980,2019-05-06
Emory,Luckes,3797859625,633110682721966513,2019-03-06
Humfrid,Konke,9989673659,201596242457194,2018-07-26
Aurelia,Durden,8625974585,6761787932414475,2018-10-19
Colin,Livesey,5814096175,6761049431500134094,2018-11-19
Brit,Blueman,9497469889,3568088822696798,2019-04-07
Radcliffe,Forsdike,2067022110,201762379480652,2019-03-21
Selene,Haddrill,7585860212,3534681024621290,2019-06-16
Lexine,McDirmid,7822452803,4041598162519,2019-06-20
Tasha,Bullon,8916532682,676791001540247499,2019-05-22
Garret,Richardot,3213095787,3565700481531214,2019-06-26
Audrey,Baylie,4772464977,5581357674960729,2018-11-02
Ernest,Hearn,7909633135,3562586084083221,2018-10-07
Almeria,Carren,3556841626,3568788892419662,2019-02-26
Cari,LpHommeau,4558883594,6388843489801268,2018-11-10
Wilone,Grioli,8267431218,372301787634148,2019-04-29
Rurik,Manners,6882276505,3578326356113824,2018-08-05
Vikki,Challener,9836408693,3543494554019052,2019-05-28
Liliane,Jacqueme,1244092265,6374290026743718,2019-01-31
Ddene,Lotherington,5019602499,3543454764625528,2018-11-27
Hilliary,Loadsman,5637611572,676718021745607586,2019-02-07
Durward,Derr,9388792184,30181849611381,2019-04-02
Phillipp,Brickner,7022203233,4905790630070245,2018-07-01
Dan,Harcase,7246328502,201912422900814,2019-06-09
Karel,Cunde,6006015836,3578903701196645,2019-04-30
Fanechka,Woolsey,8465785471,3550398051466155,2018-11-04
Beth,Yakhin,7944915552,6370174602982474,2019-05-17
Krystalle,Raft,5169843611,3567161769217331,2018-07-16
Bibbye,Houdmont,6367939412,6333462491390925,2018-08-05
Berrie,Stetson,3872264608,50204334893203440,2018-07-26
Zebedee,Phipps,3757167930,6304486477091210107,2018-12-02
Carree,Robatham,2445489887,5100135223676455,2018-12-13
Fredia,Torrese,4634602903,3559735068912724,2019-04-27
Normie,Chadwin,3951829126,5602217001292847,2018-09-01
Cheston,Creffield,5448588374,374288012901806,2018-11-10
Tootsie,Vaughan-Hughes,1679495176,30267015932972,2018-08-01
Glenn,Gircke,6795207322,6709872798987021734,2018-09-24
Randene,Masic,6677758181,67594361116403475,2019-03-07
Skippy,Slot,3017622240,63045916829185331,2018-10-19
Gardy,Starkie,2979468683,6334184041596268580,2018-08-27
Marlena,Tabram,6933197920,3529626070289945,2019-04-16
Town,Moore,8941986128,5347364347763634,2019-04-02
Guinevere,Crimin,8841575470,201871413248510,2019-02-07
Silvia,Fridaye,8178341584,337941774451370,2018-11-11
Thekla,Guidelli,1587352003,3589023402105147,2018-11-12
Casandra,Oldman,3752729605,374288812007077,2018-09-02
Micah,Tretwell,9711668938,4026102346693381,2019-02-27
Lamar,Pagitt,4595962628,3539281173995788,2019-05-01
Dottie,Fountain,3659124942,3539658603966051,2018-11-07
Nicola,Veel,6067975799,3574782172589783,2018-08-10
Nichole,Shama,4078989069,343324703935437,2018-12-01
Cynthy,Dimitriades,2525386120,3587793884838041,2019-03-27
Gene,Smythin,7388835893,633442516615689782,2019-01-11
Velvet,Lonergan,7521382174,5610403643452789317,2018-08-12
Stephannie,Putt,6858030193,5468857495947589,2019-05-20
Abba,Braybrook,9997568267,3533631884463797,2018-10-08
Basile,Gundry,3958063219,5893045622203067476,2018-09-16
Yale,Cicculi,1806545962,3534769338303869,2019-06-28
Berti,Richichi,7181184608,3546567289483813,2018-08-27
Benjy,Abyss,9595805418,337941777978007,2019-03-21
Hedwig,Kerwen,8689812522,675977774316364999,2018-07-31
Walton,McGuckin,4046990248,374288608378161,2019-01-23
Bamby,Weeke,1937023039,4041594888187833,2018-10-10
Magdaia,McPhillimey,9343905154,5048371227163530,2018-11-10
Morey,Rawlinson,6729997175,4844172236177571,2019-02-03
Joane,Kierans,8257512695,5100143338306745,2018-09-12
Isadore,Coddrington,8505183359,4911676547532140,2018-10-11
Ann-marie,Coleshill,3623098199,201858001647229,2019-01-03
Kimberlyn,Verner,4365656855,201727509088394,2019-01-01
Carlynn,Hanscomb,5843743364,3568470142859811,2019-01-03
Milzie,Symson,7503713855,633307443979031598,2019-02-20
Briney,Burnsell,8893551371,3561702074342342,2018-08-31
Adamo,Lodin,8535957907,56022358843475938,2019-06-23
Mike,Cottu,8562083961,30528756525188,2018-08-31
Justina,Comellini,9448903113,6334281868132945756,2019-01-11
Homer,Andretti,1567841333,374283783077209,2019-06-25
Elita,Linwood,3636816962,3546763429764242,2019-05-31
Darnell,Gilfoyle,1636004363,3556169866963163,2019-04-29
Charyl,Colbourn,7019761180,3564107290736946,2018-12-04
Gina,Figge,8813996516,30285219255925,2019-06-23
Claude,Elcom,3752137622,3573896509469328,2019-01-26
Oriana,Beagley,8601431358,3582714825226984,2019-02-28
Stanfield,Kingdom,4344460116,5007667331998094,2018-10-13
Klara,Crowson,9772105128,3556682119246566,2019-04-10
Berrie,Allchin,2714655587,3559687157362065,2018-08-24
Eleni,Fearnall,5836874754,3579522371032721,2019-06-26
Farr,Thaxter,7884322826,3558420981693831,2019-02-25
Hilario,Fetherston,4644618805,4844935556089315,2018-07-19
Ella,Bissell,7716873762,6387044202998413,2018-09-18
Doroteya,Guppey,9635163064,3556408846826615,2018-09-18
Agustin,Guittet,7722774969,3557046450122605,2018-12-02
Star,Kelberman,6115438214,3581582467433387,2018-10-08
Cleo,Rubinowicz,1994746649,5007662829908168,2019-06-06
Blondell,Mathivat,6189857118,3589164802428513,2019-02-08
Taddeo,Ellens,6276581219,3567237051576459,2019-04-02
Agnese,Maidment,9853703306,4917220358471942,2019-02-08
Heriberto,Rayworth,5004800949,36856217967473,2019-05-13
Kerstin,Lydiard,7925368515,3563092200172831,2018-10-06
Christye,McKinnon,8385779279,3547922058479741,2018-12-15
Korella,Ogbourne,7769488998,3536448562640381,2018-08-15
Frannie,Twiggs,1203885296,5602214518319395886,2018-12-08
Charlena,Yarrow,6908359812,3580254161724369,2018-07-20
Ramon,Habbon,6858518554,201615842912091,2019-06-10
Rickard,Kliement,2908600779,3529915771591117,2019-06-24
Edita,Curro,1915892825,630449280045801801,2019-03-03
Miran,Noirel,5769997163,3564055345246710,2019-02-21
Pippy,Domnick,1916319669,4844737972553308,2018-07-28
Colan,Cumber,7146870531,3567629118201636,2018-09-23
Rubia,Faulconer,1011860282,67713605083602675,2018-08-03
Sonny,Shinner,8018411558,501873404378994169,2019-03-24
Thibaut,Lening,6926449349,5007661589551028,2019-02-02
Dehlia,Worsam,7026374687,3587970376633953,2018-09-27
Codi,Faier,5344937952,3564556691932795,2019-05-20
Lazarus,Sisley,6162598314,3573325086796846,2018-09-18
Shannah,Ryburn,2914928815,5602253495625473,2018-06-29
Anne-marie,Rillstone,6174681621,3568416138764911,2018-10-22
Meredith,Martinet,8284527836,5355130650958791,2018-12-18
Germain,Digan,9807562599,3535405621778470,2019-01-15
Lek,Jantet,1385449308,6709338878937989376,2018-07-31
Solly,Iashvili,4341908065,3557594633708717,2018-12-25
Roi,MacNeill,1696781746,5038052419112715,2018-09-02
Onofredo,Hannay,8412205721,3535081964385627,2019-03-15
Stevana,Robjents,8914721388,5417356180228993,2018-10-22
Vale,Mott,5549282821,3582648539645446,2019-04-27
Conroy,Bortolozzi,6345032768,3570102954805212,2018-08-02
Markus,Windmill,8479219365,6767507920521631395,2018-11-26
Mariel,Jouannisson,2616814280,5457811609209504,2018-12-13
Angel,Wickmann,2794068152,3578779458158768,2018-11-28
Abelard,Muzzollo,1409827425,4913563708780031,2018-09-22
Welsh,Patriche,6827978677,3552658659801063,2019-03-13
Mychal,Toogood,4994896747,3567216881192919,2019-01-12
Aleta,Hiseman,1381522262,503866681235860726,2018-08-26
Karlotte,Seavers,1036663365,5602238893232519,2019-01-06
Tarrance,Astall,5547665144,5548987543368423,2019-01-06
Kingston,Yankeev,3685981910,5038929894642664,2018-09-08
Travers,Peacocke,5136356985,56022450182930845,2019-01-11
Zebulon,Ropars,6329271122,4917948009893383,2018-11-16
Viviene,Allmark,9861888925,30344233723663,2019-05-13
Nikoletta,Koche,8463401804,374217201412671,2018-10-28
Timotheus,Gaffney,2792371406,3548544082009259,2018-09-25
Joan,Piggins,7418950200,374622931980428,2018-10-17
Sammy,Onge,7961237142,5602241017960684,2018-08-03
Jaclyn,McAlpin,8261541063,3546738510772650,2019-04-07
Lizzy,Jenteau,3487109206,5602229825110014,2019-06-10
Charissa,Weight,5472614357,3559493054592346,2018-12-06
Lev,MacGahy,3913654368,4175006657751580,2019-06-08
Emmet,Djordjevic,5296676813,3548540886263340,2018-07-11
Barbi,Ghiron,9146691997,3547452778361110,2019-06-28
Else,Cruces,7618491028,5007665506936766,2018-12-18
Sandy,Balaisot,9018409841,3552409626137011,2018-12-14
Ulrika,Scorer,9332390772,3536843479218828,2019-01-19
Shandy,Clegg,9387289583,201479750016290,2019-06-11
Ambrosio,Brandoni,5794886330,5577551886144876,2019-06-04
Stefania,Cornbill,2449675741,6377582790698053,2019-03-18
Wallie,Kirtlan,3509096379,4041377950696,2019-06-12
Shirline,Willoughby,3436487775,342916022771749,2018-11-23
Bobine,Stainson,3372932981,4844801043231326,2018-08-03
Holly-anne,Skelding,6992912384,4911457373793522,2018-07-15
Thomasina,Sivills,2614841703,3577078222321039,2018-08-29
